Name,Accuracy,Learning_time,Predict_time,Iteration
Conv,0.9765968097936152,6534.068026800002,0.13954830000056972,1
Conv,0.9735363050947732,3973.0210417,0.15373879999970086,2
Conv,0.958973308758277,5486.810973,0.19795410000006086,3
Conv,0.9549229754021892,4984.829957299999,0.2127925999993749,4
Conv,0.9600314014608504,6927.8180947,0.19919429999936256,5
VGG_Tune,0.9737069652080914,14740.921105100002,1.229248800002097,1
VGG_Tune,0.9892939222244976,19534.973879400004,1.108631900002365,2
VGG_Tune,0.9600427788017384,9971.406555200003,1.1257716000109212,3
